James,Jimy,fdf,df,fd,255.255.255.255
1,Elka,Kynder,ekynder0@icq.com,Female,161.114.9.179
2,Guglielmo,Manass,gmanass1@pbs.org,Male,240.235.43.13
3,Shaylynn,Phizaclea,sphizaclea2@ebay.com,Female,37.63.76.33
4,Lucita,Lowers,llowers3@blogger.com,Female,24.58.221.118
5,Judas,Cutchey,jcutchey4@soup.io,Male,103.138.144.231
6,Jamil,Leward,jleward5@house.gov,Male,52.1.127.49
7,Hedvig,Maddrah,hmaddrah6@buzzfeed.com,Female,32.212.242.8
8,Jacky,Abrashkin,jabrashkin7@cbslocal.com,Male,26.43.11.217
9,Debbi,Banham,dbanham8@mtv.com,Female,57.91.78.38
10,Farris,Wybron,fwybron9@oaic.gov.au,Male,76.84.11.149
11,Lorelei,McKinn,lmckinna@skyrock.com,Female,60.197.236.87
12,Andrea,Wild,awildb@ustream.tv,Female,176.202.48.155
13,Koo,Jikovsky,kjikovskyc@oracle.com,Female,64.70.89.76
14,Nickolas,Shernock,nshernockd@dailymotion.com,Male,17.78.1.163
15,Emmalynn,Wilmore,ewilmoree@mysql.com,Female,205.38.15.119
16,Svend,Volante,svolantef@narod.ru,Male,193.231.81.12
17,Allina,Blackman,ablackmang@pagesperso-orange.fr,Female,116.138.18.99
18,Terry,Cridland,tcridlandh@nationalgeographic.com,Female,112.95.15.94
19,Waverly,Eyes,weyesi@vimeo.com,Male,203.201.44.217
20,Jeanette,Boles,jbolesj@artisteer.com,Female,15.148.114.203
21,Stephanus,Frazier,sfrazierk@dot.gov,Male,42.49.30.85
22,Siusan,Kennler,skennlerl@t.co,Female,66.160.195.115
23,Alexandro,Cupper,acupperm@geocities.com,Male,88.191.59.62
24,Gonzales,Melsome,gmelsomen@vkontakte.ru,Male,79.205.131.136
25,Sebastian,Dorken,sdorkeno@storify.com,Male,97.202.68.2
26,Paton,Pietruszka,ppietruszkap@shutterfly.com,Male,87.239.21.58
27,Johannes,Grimbaldeston,jgrimbaldestonq@businessinsider.com,Male,115.253.147.38
28,Hoebart,Mould,hmouldr@yale.edu,Male,184.151.203.252
29,Darby,Prydie,dprydies@state.tx.us,Male,111.235.186.51
30,Hailey,Kittles,hkittlest@google.co.uk,Male,183.176.5.195
31,Jeane,Epperson,jeppersonu@deviantart.com,Female,148.93.191.191
32,Rica,Aucoate,raucoatev@meetup.com,Female,218.240.224.35
33,Nelson,Bleasdille,nbleasdillew@skyrock.com,Male,219.245.198.73
34,Avrit,Chetham,achethamx@whitehouse.gov,Female,254.95.102.171
35,Byran,Donner,bdonnery@amazon.co.uk,Male,209.150.149.102
36,Leighton,Dearle,ldearlez@trellian.com,Male,255.183.199.233
37,Emlyn,Diben,ediben10@forbes.com,Male,56.186.152.77
38,Sidney,De Carteret,sdecarteret11@linkedin.com,Male,247.48.217.214
39,Hewie,Lazenby,hlazenby12@earthlink.net,Male,232.149.141.74
40,Lorraine,Loveday,lloveday13@paypal.com,Female,12.4.111.29
41,Glendon,Troy,gtroy14@nifty.com,Male,159.146.179.160
42,Sunny,Pollak,spollak15@mozilla.com,Female,140.237.111.62
43,Lem,Skipworth,lskipworth16@goo.ne.jp,Male,21.242.37.228
44,Anitra,Westlake,awestlake17@tuttocitta.it,Female,43.80.48.70
45,Moss,Krabbe,mkrabbe18@ifeng.com,Male,55.84.35.103
46,Aguistin,Rysom,arysom19@utexas.edu,Male,232.255.95.78
47,Sonya,Chanders,schanders1a@baidu.com,Female,212.234.66.12
48,Babette,Leetham,bleetham1b@walmart.com,Female,146.73.67.178
49,Antonetta,Uccelli,auccelli1c@ycombinator.com,Female,83.240.7.110
50,Steve,Munslow,smunslow1d@mtv.com,Male,253.0.6.49
51,Osmond,McMurtyr,omcmurtyr1e@ustream.tv,Male,105.195.163.55
52,Caterina,Silbert,csilbert1f@facebook.com,Female,228.186.70.111
53,Joellen,Sephton,jsephton1g@edublogs.org,Female,253.224.79.25
54,Maggi,McAuliffe,mmcauliffe1h@storify.com,Female,221.205.215.89
55,Carole,Fenney,cfenney1i@sina.com.cn,Female,100.162.200.210
56,Samantha,Losseljong,slosseljong1j@prlog.org,Female,127.94.166.78
57,Sinclare,Vlasyuk,svlasyuk1k@mozilla.org,Male,5.170.83.233
58,Fredi,Boyland,fboyland1l@google.ca,Female,203.68.73.6
59,Ira,Dakin,idakin1m@domainmarket.com,Male,253.114.111.123
60,Pearla,Boullen,pboullen1n@msu.edu,Female,147.53.233.10
61,Ned,Stroyan,nstroyan1o@hud.gov,Male,255.119.225.57
62,Mandie,Pash,mpash1p@unblog.fr,Female,6.77.214.245
63,Ahmed,Champken,achampken1q@csmonitor.com,Male,10.17.84.173
64,Othelia,Shafto,oshafto1r@theglobeandmail.com,Female,0.225.116.163
65,Philip,Verchambre,pverchambre1s@hao123.com,Male,166.14.218.52
66,Oralee,MacDermand,omacdermand1t@indiatimes.com,Female,209.217.156.13
67,Tove,Haveline,thaveline1u@berkeley.edu,Female,201.201.89.243
68,Paolina,Caldes,pcaldes1v@reddit.com,Female,125.90.145.171
69,Gar,Huchot,ghuchot1w@army.mil,Male,199.247.9.55
70,Finlay,Raggitt,fraggitt1x@slideshare.net,Male,255.155.54.1
71,Vasily,Garms,vgarms1y@jugem.jp,Male,250.136.125.32
72,Turner,Barsby,tbarsby1z@usatoday.com,Male,142.160.10.180
73,Jeannie,Sabater,jsabater20@blogtalkradio.com,Female,60.82.219.149
74,Amabelle,Buttrum,abuttrum21@theatlantic.com,Female,179.159.221.70
75,Pavel,MacAlester,pmacalester22@dedecms.com,Male,14.5.9.167
76,Isabelle,Ivanchin,iivanchin23@yahoo.co.jp,Female,99.254.244.148
77,Berte,Mc Ilwrick,bmcilwrick24@disqus.com,Female,254.225.2.219
78,Gaspar,Silversmidt,gsilversmidt25@livejournal.com,Male,136.230.95.240
79,Ferdy,Shallcroff,fshallcroff26@etsy.com,Male,107.215.251.114
80,Tory,Tute,ttute27@mit.edu,Female,52.221.53.29
81,Neville,Sivyour,nsivyour28@google.ca,Male,207.55.169.157
82,Odey,Philpott,ophilpott29@princeton.edu,Male,13.124.95.88
83,Shari,Illingsworth,sillingsworth2a@nationalgeographic.com,Female,72.154.68.26
84,Mae,Heffernon,mheffernon2b@mysql.com,Female,118.173.184.0
85,Demeter,Egentan,degentan2c@cbc.ca,Female,154.201.172.68
86,Link,Maun,lmaun2d@whitehouse.gov,Male,166.0.135.124
87,Atlanta,Shovelbottom,ashovelbottom2e@google.es,Female,8.33.138.35
88,Denver,Leggitt,dleggitt2f@taobao.com,Male,37.16.236.218
89,Anabella,Voules,avoules2g@msu.edu,Female,26.16.171.66
90,Duky,Isack,disack2h@bravesites.com,Male,221.83.178.167
91,Barbabra,Dillaway,bdillaway2i@gravatar.com,Female,39.56.246.154
92,Tandie,Gore,tgore2j@hud.gov,Female,94.21.166.120
93,Rodolfo,Jannex,rjannex2k@acquirethisname.com,Male,185.222.105.224
94,June,Fermin,jfermin2l@dailymail.co.uk,Female,236.224.51.250
95,Charlot,Brodhead,cbrodhead2m@wikispaces.com,Female,170.250.197.11
96,Chen,Pacht,cpacht2n@timesonline.co.uk,Male,64.7.77.187
97,Eric,Geerits,egeerits2o@mashable.com,Male,177.4.24.149
98,Ceciley,Aucoate,caucoate2p@dot.gov,Female,75.110.219.30
99,Clarey,Bullon,cbullon2q@nbcnews.com,Female,85.145.26.12
100,Griffy,Portam,gportam2r@loc.gov,Male,176.10.0.133
101,Tamera,Arnason,tarnason2s@skype.com,Female,10.34.40.92
102,Anatol,Speachley,aspeachley2t@amazon.de,Male,150.75.157.209
103,Clive,Brickner,cbrickner2u@biglobe.ne.jp,Male,87.190.105.153
104,Jamima,Skill,jskill2v@oaic.gov.au,Female,165.76.68.9
105,Rosemary,Bras,rbras2w@ucoz.ru,Female,78.111.231.126
106,Carey,Mallabon,cmallabon2x@t.co,Male,229.2.8.49
107,Stefano,Heady,sheady2y@time.com,Male,103.1.84.132
108,Giuditta,Lantaph,glantaph2z@live.com,Female,54.108.79.86
109,Heriberto,Demkowicz,hdemkowicz30@163.com,Male,118.5.74.250
110,Glyn,Dalziell,gdalziell31@etsy.com,Male,34.47.224.157
111,Lotti,Volleth,lvolleth32@illinois.edu,Female,241.193.216.53
112,Carroll,Milbourne,cmilbourne33@geocities.jp,Female,206.14.248.189
113,Verena,McGrah,vmcgrah34@eepurl.com,Female,55.5.107.95
114,Sibelle,Bickerdyke,sbickerdyke35@canalblog.com,Female,159.99.204.57
115,Rodie,Sholem,rsholem36@weather.com,Female,4.111.121.254
116,Yves,Dankersley,ydankersley37@gravatar.com,Male,101.182.100.213
117,Tomasine,Grigore,tgrigore38@theglobeandmail.com,Female,193.5.72.117
118,Dirk,Castri,dcastri39@pinterest.com,Male,28.233.237.56
119,Bren,Portlock,bportlock3a@instagram.com,Male,74.149.123.167
120,Marguerite,Scougall,mscougall3b@yahoo.co.jp,Female,141.96.138.8
121,Elliott,Ringe,eringe3c@vistaprint.com,Male,3.246.214.241
122,Beckie,Shead,bshead3d@technorati.com,Female,31.81.151.62
123,Mariejeanne,Colborn,mcolborn3e@mac.com,Female,115.211.116.165
124,Sargent,Jennery,sjennery3f@1688.com,Male,146.19.217.245
125,Morey,Cardenas,mcardenas3g@mapy.cz,Male,244.35.160.5
126,Desmond,Tagg,dtagg3h@nationalgeographic.com,Male,152.133.148.249
127,Charlie,Cogdell,ccogdell3i@cafepress.com,Male,233.35.51.134
128,Launce,Kornyakov,lkornyakov3j@ycombinator.com,Male,229.67.239.92
129,Agna,Isacoff,aisacoff3k@360.cn,Female,12.215.142.220
130,Ianthe,Millier,imillier3l@geocities.jp,Female,196.82.7.181
131,Earle,Verdey,everdey3m@tamu.edu,Male,199.208.214.34
132,Aggi,Beecheno,abeecheno3n@vistaprint.com,Female,31.239.31.77
133,Fancy,Gentile,fgentile3o@auda.org.au,Female,177.192.111.164
134,Garold,Zanassi,gzanassi3p@amazonaws.com,Male,187.1.166.245
135,Roselin,O' Liddy,roliddy3q@typepad.com,Female,81.139.188.144
136,Arman,Larcombe,alarcombe3r@patch.com,Male,195.99.23.185
137,Phil,Alps,palps3s@istockphoto.com,Female,164.89.131.59
138,Xenia,Dallas,xdallas3t@parallels.com,Female,38.123.74.130
139,Cass,Fardoe,cfardoe3u@godaddy.com,Male,92.47.195.196
140,Grant,Gibling,ggibling3v@scribd.com,Male,193.232.109.203
141,Colas,Tarte,ctarte3w@mediafire.com,Male,71.60.109.193
142,Whitaker,O'Heyne,woheyne3x@icq.com,Male,185.218.217.121
143,Otho,Paget,opaget3y@yale.edu,Male,87.19.35.109
144,Vivyanne,Barbera,vbarbera3z@accuweather.com,Female,143.92.136.156
145,Urbanus,Hixson,uhixson40@princeton.edu,Male,223.177.30.51
146,Cecil,Cabotto,ccabotto41@myspace.com,Male,72.251.116.39
147,Candie,Iannazzi,ciannazzi42@joomla.org,Female,117.164.182.79
148,Ollie,Tift,otift43@tmall.com,Female,172.37.120.249
149,Alie,Agneau,aagneau44@hostgator.com,Female,174.246.48.89
150,Gaile,Vasyunkin,gvasyunkin45@last.fm,Male,244.58.202.161
151,Ursulina,Chaman,uchaman46@newyorker.com,Female,94.111.111.150
152,Emeline,Holby,eholby47@army.mil,Female,161.83.87.117
153,Bryn,Fines,bfines48@ameblo.jp,Male,201.201.220.38
154,Jae,Gossage,jgossage49@addtoany.com,Male,158.184.14.43
155,Gustave,Grimm,ggrimm4a@cnet.com,Male,38.105.244.210
156,Kim,Ellicombe,kellicombe4b@usnews.com,Female,59.104.24.25
157,Helli,Robeiro,hrobeiro4c@scientificamerican.com,Female,113.210.118.146
158,Udall,Kerwick,ukerwick4d@edublogs.org,Male,190.23.27.131
159,Myron,Inglese,minglese4e@wp.com,Male,76.60.255.10
160,Dallas,Rambadt,drambadt4f@facebook.com,Male,241.192.165.51
161,Oliver,Johnigan,ojohnigan4g@purevolume.com,Male,164.117.133.146
162,Euphemia,Hawkins,ehawkins4h@webmd.com,Female,235.69.128.26
163,Florian,Pennazzi,fpennazzi4i@cnn.com,Male,164.252.152.162
164,Arv,Goforth,agoforth4j@paginegialle.it,Male,149.92.166.201
165,Isaac,Crossley,icrossley4k@intel.com,Male,141.88.249.165
166,Winn,Defrain,wdefrain4l@merriam-webster.com,Male,178.75.68.57
167,Nefen,Petts,npetts4m@businessinsider.com,Male,30.146.204.255
168,Meaghan,McAlpin,mmcalpin4n@springer.com,Female,38.82.119.113
169,Stormi,Tarzey,starzey4o@zdnet.com,Female,63.207.145.133
170,Weston,Merchant,wmerchant4p@nsw.gov.au,Male,3.67.235.111
171,Osgood,Possel,opossel4q@ezinearticles.com,Male,188.198.160.204
172,Gweneth,Beazley,gbeazley4r@amazonaws.com,Female,161.53.4.224
173,Kassie,Orchard,korchard4s@alibaba.com,Female,240.170.50.28
174,Benjie,Cockett,bcockett4t@51.la,Male,184.220.255.8
175,Fields,Makey,fmakey4u@ucoz.com,Male,11.26.234.152
176,Hewett,Erbain,herbain4v@moonfruit.com,Male,55.65.112.143
177,Tore,Izaks,tizaks4w@comcast.net,Male,191.36.247.240
178,Briny,Klimas,bklimas4x@topsy.com,Female,126.44.61.235
179,Howey,Eagland,heagland4y@myspace.com,Male,205.15.103.15
180,Stirling,Maile,smaile4z@livejournal.com,Male,43.158.236.143
181,Gill,Korda,gkorda50@paginegialle.it,Male,28.65.72.205
182,Giacomo,Cicchelli,gcicchelli51@deviantart.com,Male,214.198.202.250
183,Graeme,Gilpin,ggilpin52@mashable.com,Male,39.215.51.133
184,Rolland,Rump,rrump53@nbcnews.com,Male,255.66.76.199
185,Tad,Sutliff,tsutliff54@omniture.com,Male,121.221.195.243
186,Adler,Videneev,avideneev55@java.com,Male,254.92.223.34
187,Amii,Lowles,alowles56@netlog.com,Female,82.62.105.169
188,Nilson,Abramcik,nabramcik57@bandcamp.com,Male,250.64.55.7
189,Marney,Southern,msouthern58@dailymail.co.uk,Female,40.84.42.6
190,Tobin,Mosten,tmosten59@histats.com,Male,101.153.175.206
191,Birdie,Fleeman,bfleeman5a@bizjournals.com,Female,189.10.207.222
192,Gage,Benoey,gbenoey5b@wordpress.org,Male,55.114.216.214
193,Desmund,Seaward,dseaward5c@nationalgeographic.com,Male,99.122.162.228
194,Niels,Whopples,nwhopples5d@mail.ru,Male,93.80.202.154
195,Jaymie,Rosenfrucht,jrosenfrucht5e@noaa.gov,Male,107.38.53.77
196,Eula,Gaylard,egaylard5f@upenn.edu,Female,46.212.244.181
197,Eolande,Shelbourne,eshelbourne5g@nhs.uk,Female,192.11.70.141
198,Elora,Relph,erelph5h@macromedia.com,Female,178.11.137.209
199,Hyacinthia,Helliwell,hhelliwell5i@hubpages.com,Female,164.208.168.92
200,Torin,Tomek,ttomek5j@jalbum.net,Male,130.107.144.212
201,Chloette,Mussington,cmussington5k@dedecms.com,Female,43.189.246.67
202,Dunc,Lemonnier,dlemonnier5l@lycos.com,Male,197.23.232.97
203,Wildon,Klein,wklein5m@purevolume.com,Male,52.233.22.191
204,Donnell,Coomer,dcoomer5n@blinklist.com,Male,158.39.172.36
205,Kienan,Brinded,kbrinded5o@paypal.com,Male,202.22.185.130
206,Karon,Joblin,kjoblin5p@themeforest.net,Female,150.177.100.111
207,Kevyn,Bellow,kbellow5q@diigo.com,Female,8.63.147.1
208,Mercy,Morsom,mmorsom5r@google.it,Female,132.111.82.184
209,Harli,Cayley,hcayley5s@narod.ru,Female,147.24.220.197
210,Raphael,Aitcheson,raitcheson5t@nsw.gov.au,Male,41.84.212.33
211,Ekaterina,Torrance,etorrance5u@tinyurl.com,Female,196.104.143.221
212,Vinita,Bastock,vbastock5v@mashable.com,Female,163.3.250.215
213,Allistir,Bartrum,abartrum5w@furl.net,Male,117.235.156.57
214,Norbie,Bedbury,nbedbury5x@kickstarter.com,Male,250.156.33.186
215,Estevan,Pharoah,epharoah5y@salon.com,Male,213.41.50.11
216,Louisa,Ogbourne,logbourne5z@g.co,Female,198.243.39.35
217,Kelwin,Ansell,kansell60@multiply.com,Male,77.70.83.160
218,Averell,Strongitharm,astrongitharm61@ftc.gov,Male,204.23.6.65
219,Woody,Nisot,wnisot62@tumblr.com,Male,35.66.185.144
220,Tessy,Fosher,tfosher63@mozilla.org,Female,251.15.172.37
221,Flossi,Horrod,fhorrod64@intel.com,Female,109.251.68.160
222,Hugues,Ricker,hricker65@fc2.com,Male,15.245.251.8
223,Chaddy,Olek,colek66@discovery.com,Male,67.218.57.162
224,Haily,Face,hface67@amazon.de,Male,254.21.192.234
225,Bride,Shooter,bshooter68@oakley.com,Female,251.149.231.58
226,Fee,Nussey,fnussey69@google.ru,Male,49.177.69.208
227,Tris,Bunkle,tbunkle6a@comcast.net,Male,136.109.10.222
228,Alex,Johnstone,ajohnstone6b@msu.edu,Male,0.169.227.233
229,Conny,Micallef,cmicallef6c@ifeng.com,Male,222.158.241.107
230,Briggs,Shemmin,bshemmin6d@plala.or.jp,Male,180.252.246.137
231,Lucila,Milligan,lmilligan6e@simplemachines.org,Female,192.217.148.238
232,Edwin,Hallor,ehallor6f@smugmug.com,Male,178.240.182.2
233,Veronike,Iredale,viredale6g@constantcontact.com,Female,239.8.39.15
234,Aldus,Webb,awebb6h@nature.com,Male,8.84.10.10
235,Tore,Gandar,tgandar6i@jimdo.com,Male,207.174.205.131
236,Maurene,Bodham,mbodham6j@businessweek.com,Female,149.81.165.8
237,Brynna,Barniss,bbarniss6k@bloglovin.com,Female,167.243.195.137
238,Josepha,Tinto,jtinto6l@rakuten.co.jp,Female,73.95.153.110
239,Jordan,Ellington,jellington6m@ow.ly,Male,240.187.162.151
240,Gene,Toynbee,gtoynbee6n@symantec.com,Male,75.143.189.36
241,Parker,Sokale,psokale6o@ihg.com,Male,140.157.170.180
242,Heidie,Crafts,hcrafts6p@cornell.edu,Female,127.159.11.174
243,Lucho,Sanger,lsanger6q@themeforest.net,Male,129.187.137.179
244,Carlee,Scarse,cscarse6r@t-online.de,Female,214.28.236.83
245,Norah,Preon,npreon6s@xrea.com,Female,89.44.59.198
246,Bondy,Birmingham,bbirmingham6t@twitpic.com,Male,245.39.189.228
247,Beverie,Bunhill,bbunhill6u@salon.com,Female,202.200.161.247
248,Puff,Rosendorf,prosendorf6v@gnu.org,Male,26.182.225.10
249,Miran,Sabater,msabater6w@com.com,Female,75.81.30.213
250,Jefferey,Ubsdall,jubsdall6x@privacy.gov.au,Male,41.157.52.136
251,Kylila,Ableson,kableson6y@marketwatch.com,Female,163.152.249.250
252,Gusti,Iskowicz,giskowicz6z@gov.uk,Female,97.99.247.235
253,Had,Baldin,hbaldin70@taobao.com,Male,196.81.150.34
254,Moe,Stigger,mstigger71@sourceforge.net,Male,111.83.92.187
255,Rennie,Breewood,rbreewood72@jimdo.com,Female,166.116.214.229
256,Shelley,Cadreman,scadreman73@mozilla.com,Male,185.18.10.229
257,Gavin,Curds,gcurds74@mtv.com,Male,169.249.250.16
258,Suki,Burchatt,sburchatt75@virginia.edu,Female,233.15.94.144
259,Abbott,Yorkston,ayorkston76@tinyurl.com,Male,37.180.39.92
260,Katleen,Pert,kpert77@squidoo.com,Female,119.36.190.201
261,Adoree,Linne,alinne78@unc.edu,Female,54.30.108.173
262,Joaquin,Elnor,jelnor79@deviantart.com,Male,131.206.236.72
263,Darrin,Tremblet,dtremblet7a@spiegel.de,Male,183.164.91.224
264,Eimile,Cassy,ecassy7b@stumbleupon.com,Female,229.0.72.180
265,Avie,Itscowicz,aitscowicz7c@sun.com,Female,38.11.168.188
266,Lenee,Simoncini,lsimoncini7d@nbcnews.com,Female,157.211.133.70
267,Brooks,Chastand,bchastand7e@fotki.com,Male,60.74.234.250
268,Chester,Mocquer,cmocquer7f@yelp.com,Male,66.175.17.4
269,Olwen,Elmar,oelmar7g@narod.ru,Female,71.69.4.168
270,Zahara,Kermeen,zkermeen7h@hugedomains.com,Female,17.29.102.13
271,Meg,Wemes,mwemes7i@4shared.com,Female,87.174.67.229
272,Jaime,Brittles,jbrittles7j@csmonitor.com,Male,218.76.75.61
273,Novelia,Roizn,nroizn7k@elpais.com,Female,138.205.239.79
274,Demetrius,Iggalden,diggalden7l@washingtonpost.com,Male,221.218.167.6
275,Skyler,Bodleigh,sbodleigh7m@oaic.gov.au,Male,101.58.81.20
276,Augusta,Febry,afebry7n@networksolutions.com,Female,5.216.20.236
277,Elihu,Cornehl,ecornehl7o@go.com,Male,241.144.49.174
278,Lynnelle,Hourihane,lhourihane7p@latimes.com,Female,138.220.208.36
279,Rosanna,Bassindale,rbassindale7q@seattletimes.com,Female,181.73.49.42
280,Sallyanne,Fieldgate,sfieldgate7r@dion.ne.jp,Female,211.239.130.103
281,Antoni,Donati,adonati7s@canalblog.com,Male,171.192.221.31
282,Amabelle,Loft,aloft7t@geocities.com,Female,12.43.118.23
283,Cecil,Klasen,cklasen7u@phpbb.com,Male,152.46.211.175
284,Kinnie,Huddleston,khuddleston7v@wordpress.org,Male,169.22.72.201
285,Rachele,Newbegin,rnewbegin7w@altervista.org,Female,45.7.133.73
286,Robert,Cammacke,rcammacke7x@goo.gl,Male,47.25.120.138
287,Tedman,Castagneri,tcastagneri7y@jalbum.net,Male,116.20.247.156
288,Jazmin,Nelsey,jnelsey7z@nbcnews.com,Female,221.50.84.85
289,Sergio,Lemerle,slemerle80@eepurl.com,Male,251.133.123.106
290,Dinah,Burch,dburch81@istockphoto.com,Female,208.112.117.1
291,Orly,Klimp,oklimp82@paypal.com,Female,9.8.54.159
292,Manda,Dobrowolski,mdobrowolski83@last.fm,Female,146.177.6.129
293,Timofei,Starmont,tstarmont84@quantcast.com,Male,149.41.166.161
294,Randolph,Dyet,rdyet85@google.fr,Male,110.60.189.14
295,Marice,Schach,mschach86@exblog.jp,Female,24.144.148.82
296,Sutherlan,Sarch,ssarch87@alexa.com,Male,250.227.194.111
297,Wilfred,Scurr,wscurr88@answers.com,Male,195.160.63.167
298,Terrye,Diwell,tdiwell89@blogtalkradio.com,Female,188.237.120.91
299,Lloyd,Stollen,lstollen8a@dailymail.co.uk,Male,67.167.211.119
300,Sal,Meake,smeake8b@addthis.com,Male,230.112.246.231
301,Reilly,Jeanneau,rjeanneau8c@unicef.org,Male,197.175.109.211
302,Fredric,Scourgie,fscourgie8d@usnews.com,Male,6.224.201.161
303,Starr,Caudelier,scaudelier8e@hubpages.com,Female,168.92.76.25
304,Hayden,Trollope,htrollope8f@cmu.edu,Male,110.163.243.246
305,Ellie,Dudden,edudden8g@telegraph.co.uk,Female,13.84.23.107
306,Thadeus,Farrant,tfarrant8h@facebook.com,Male,35.196.224.113
307,Griffith,Mabbitt,gmabbitt8i@shutterfly.com,Male,70.101.184.25
308,Austen,Wyborn,awyborn8j@fotki.com,Male,18.4.158.78
309,Phip,Caulket,pcaulket8k@msn.com,Male,244.87.158.221
310,Gannon,Hyrons,ghyrons8l@google.co.uk,Male,136.34.197.150
311,Redd,Devall,rdevall8m@mashable.com,Male,139.71.223.129
312,Elvera,Otridge,eotridge8n@virginia.edu,Female,120.205.11.216
313,Germaine,Aston,gaston8o@reddit.com,Male,187.106.237.255
314,Keane,Chidlow,kchidlow8p@upenn.edu,Male,130.231.103.121
315,Brenda,Koenen,bkoenen8q@clickbank.net,Female,42.248.169.213
316,Benedick,Stainland,bstainland8r@census.gov,Male,249.249.96.197
317,Court,Tolworthie,ctolworthie8s@ebay.co.uk,Male,124.147.40.33
318,Hendrik,Dow,hdow8t@bandcamp.com,Male,1.1.44.81
319,Dilly,Drinkall,ddrinkall8u@cpanel.net,Male,219.187.47.212
320,Meredith,Willavoys,mwillavoys8v@ted.com,Female,199.40.174.74
321,Reese,Pyper,rpyper8w@bandcamp.com,Male,11.154.119.160
322,Hildegaard,Goodlife,hgoodlife8x@lycos.com,Female,168.152.249.145
323,Beniamino,Bonifacio,bbonifacio8y@wufoo.com,Male,151.13.32.173
324,Seymour,Platfoot,splatfoot8z@smh.com.au,Male,18.223.130.243
325,Wilt,Tomlinson,wtomlinson90@cbslocal.com,Male,224.246.195.122
326,Davina,Labbe,dlabbe91@rakuten.co.jp,Female,86.252.130.53
327,Blondy,Huckleby,bhuckleby92@devhub.com,Female,175.28.232.234
328,Lin,Haistwell,lhaistwell93@irs.gov,Female,170.77.170.196
329,Meade,Papes,mpapes94@usda.gov,Male,63.92.53.191
330,Tracee,McLeish,tmcleish95@ucoz.com,Female,82.23.245.116
331,Rosalynd,Lakeland,rlakeland96@quantcast.com,Female,148.163.204.124
332,Georgianna,Yirrell,gyirrell97@unesco.org,Female,114.135.115.199
333,Ephrem,Askam,easkam98@deviantart.com,Male,128.156.105.166
334,Cesaro,Penkman,cpenkman99@deliciousdays.com,Male,205.224.149.41
335,Flo,Probetts,fprobetts9a@weibo.com,Female,88.185.191.137
336,Jerrilyn,Matthews,jmatthews9b@microsoft.com,Female,76.117.239.150
337,Irwinn,Hymer,ihymer9c@webnode.com,Male,16.46.152.63
338,Corie,Belz,cbelz9d@howstuffworks.com,Female,19.204.133.109
339,Caesar,Proschek,cproschek9e@blogger.com,Male,162.123.168.123
340,Brittni,Nazareth,bnazareth9f@wix.com,Female,10.117.44.203
341,Chicky,Widd,cwidd9g@fda.gov,Female,152.169.254.120
342,Alastair,Van der Velden,avandervelden9h@google.com.br,Male,23.59.72.242
343,Wilma,Bompass,wbompass9i@yale.edu,Female,24.160.199.33
344,Maxy,Raselles,mraselles9j@squidoo.com,Male,213.45.180.156
345,Tildy,Stabler,tstabler9k@springer.com,Female,235.139.103.62
346,Estrella,Flewan,eflewan9l@usnews.com,Female,28.100.217.72
347,Winn,Cowden,wcowden9m@desdev.cn,Male,78.38.15.143
348,Waldo,Nutley,wnutley9n@aboutads.info,Male,148.126.69.185
349,Bertie,Upwood,bupwood9o@aol.com,Female,134.145.167.119
350,Gal,Carryer,gcarryer9p@reverbnation.com,Male,241.62.252.152
351,Barny,Barta,bbarta9q@booking.com,Male,185.165.56.175
352,Stacie,Haysham,shaysham9r@cargocollective.com,Female,209.49.153.9
353,Hyacinth,Dennick,hdennick9s@live.com,Female,70.55.148.0
354,Milty,Gleave,mgleave9t@sciencedaily.com,Male,147.221.131.154
355,Shirlene,Jirzik,sjirzik9u@yellowbook.com,Female,143.39.11.36
356,Albie,Whardley,awhardley9v@blinklist.com,Male,181.180.74.11
357,Nicolis,Gammie,ngammie9w@studiopress.com,Male,162.223.11.95
358,Tootsie,Shepland,tshepland9x@ucla.edu,Female,11.57.24.124
359,Henry,Yeeles,hyeeles9y@pinterest.com,Male,26.16.184.51
360,Vaclav,Dykas,vdykas9z@scientificamerican.com,Male,120.223.212.211
361,Efrem,People,epeoplea0@nydailynews.com,Male,108.211.88.46
362,Fabe,Bruster,fbrustera1@technorati.com,Male,200.119.149.10
363,Devy,Polet,dpoleta2@barnesandnoble.com,Male,10.135.146.68
364,Shayla,Hexam,shexama3@forbes.com,Female,34.242.152.209
365,Charisse,Ubach,cubacha4@accuweather.com,Female,49.180.40.64
366,Dasya,Gerholz,dgerholza5@feedburner.com,Female,210.187.14.245
367,Herve,Plews,hplewsa6@wiley.com,Male,68.29.57.199
368,Augusta,Jenman,ajenmana7@arizona.edu,Female,159.62.200.45
369,Melicent,Barras,mbarrasa8@narod.ru,Female,109.84.113.234
370,Stafford,Bonevant,sbonevanta9@guardian.co.uk,Male,212.252.149.6
371,Natasha,Friett,nfriettaa@rambler.ru,Female,95.151.99.83
372,Artemas,Medd,ameddab@ox.ac.uk,Male,246.119.112.195
373,Barrie,Boobyer,bboobyerac@netlog.com,Male,131.87.16.196
374,Carrie,Andreas,candreasad@squidoo.com,Female,63.34.91.78
375,Morgen,Stickney,mstickneyae@yellowbook.com,Male,198.116.131.53
376,Vale,Minghetti,vminghettiaf@ca.gov,Male,96.49.191.92
377,Neala,Mishaw,nmishawag@msn.com,Female,161.76.123.31
378,Dian,Shakesbye,dshakesbyeah@springer.com,Female,64.246.92.247
379,Meghan,Tiery,mtieryai@paypal.com,Female,118.197.213.126
380,Olag,Regus,oregusaj@independent.co.uk,Male,143.156.99.221
381,Devonna,Goadbie,dgoadbieak@sbwire.com,Female,204.64.222.191
382,Valentine,Blanket,vblanketal@reference.com,Female,2.97.124.227
383,Jude,Robb,jrobbam@usatoday.com,Male,212.73.195.119
384,Davina,Rawet,drawetan@friendfeed.com,Female,1.183.93.115
385,Si,Rutigliano,srutiglianoao@typepad.com,Male,164.248.45.209
386,Susy,Cane,scaneap@biblegateway.com,Female,123.198.210.119
387,Rose,Janoch,rjanochaq@exblog.jp,Female,30.97.41.11
388,Jeromy,Swateridge,jswateridgear@vistaprint.com,Male,141.99.143.25
389,Hattie,Towson,htowsonas@sogou.com,Female,224.79.110.197
390,Larina,Peerman,lpeermanat@google.com.hk,Female,255.220.106.190
391,Marcella,Burrow,mburrowau@last.fm,Female,94.50.171.13
392,Nicky,Roocroft,nroocroftav@ox.ac.uk,Female,251.160.165.217
393,Phillipe,O'Brallaghan,pobrallaghanaw@businesswire.com,Male,201.43.206.99
394,Drud,Vanyashkin,dvanyashkinax@cisco.com,Male,218.12.218.188
395,Hendrick,Pierri,hpierriay@naver.com,Male,106.152.140.113
396,Jeannine,Baline,jbalineaz@google.ca,Female,130.234.70.178
397,Felipa,Avory,favoryb0@w3.org,Female,111.56.220.139
398,Pietrek,Isenor,pisenorb1@bandcamp.com,Male,95.142.59.242
399,Lorene,Lamerton,llamertonb2@usa.gov,Female,31.125.222.16
400,Jacob,Rojahn,jrojahnb3@ftc.gov,Male,231.16.36.143
401,Romona,Critchell,rcritchellb4@cargocollective.com,Female,196.58.28.54
402,Filmer,Goodding,fgooddingb5@sina.com.cn,Male,150.19.95.81
403,Rosie,Roney,rroneyb6@jalbum.net,Female,212.140.198.109
404,Harlen,McCaskill,hmccaskillb7@digg.com,Male,251.182.8.52
405,Olenolin,Sheere,osheereb8@ask.com,Male,233.24.33.166
406,Osbourne,Bunny,obunnyb9@shareasale.com,Male,37.218.188.112
407,Ricky,Rawles,rrawlesba@posterous.com,Male,205.42.121.199
408,Ailene,Abdee,aabdeebb@blogger.com,Female,109.119.51.65
409,Allard,Grayne,agraynebc@eepurl.com,Male,239.173.246.22
410,Shirleen,Ronnay,sronnaybd@patch.com,Female,95.134.179.100
411,Latashia,Lightbourne,llightbournebe@nydailynews.com,Female,61.109.0.13
412,Silas,Harkness,sharknessbf@google.ru,Male,143.64.182.179
413,Westbrook,Antalffy,wantalffybg@paypal.com,Male,87.52.218.203
414,Efrem,Josupeit,ejosupeitbh@disqus.com,Male,105.238.240.160
415,Lira,Conrart,lconrartbi@prlog.org,Female,39.230.41.17
416,Wyatt,Brickwood,wbrickwoodbj@posterous.com,Male,135.95.183.142
417,Ginger,Alenshev,galenshevbk@gmpg.org,Female,217.81.219.177
418,Ettore,Lanphere,elanpherebl@walmart.com,Male,164.205.241.182
419,Tish,Sutworth,tsutworthbm@flavors.me,Female,239.214.1.175
420,Berkly,Labuschagne,blabuschagnebn@fda.gov,Male,199.208.201.44
421,Godiva,Cleeton,gcleetonbo@google.ru,Female,240.112.26.69
422,Ursulina,Hayland,uhaylandbp@t-online.de,Female,63.30.240.83
423,Joaquin,Tillerton,jtillertonbq@163.com,Male,210.6.19.190
424,Rich,Lohde,rlohdebr@sphinn.com,Male,63.124.220.86
425,Ky,Neno,knenobs@usda.gov,Male,109.137.0.35
426,Heidie,Tomaello,htomaellobt@soundcloud.com,Female,180.197.113.254
427,Evered,Pavlovsky,epavlovskybu@infoseek.co.jp,Male,108.59.248.68
428,Hollyanne,Lowsely,hlowselybv@rediff.com,Female,219.176.250.103
429,Roosevelt,Ellyatt,rellyattbw@usda.gov,Male,104.81.142.121
430,Meier,Gitthouse,mgitthousebx@altervista.org,Male,75.236.28.72
431,Buck,McGrowther,bmcgrowtherby@privacy.gov.au,Male,134.244.50.53
432,Pierce,Roloff,proloffbz@usatoday.com,Male,242.78.54.162
433,Benoite,Benezeit,bbenezeitc0@cdc.gov,Female,112.78.101.166
434,Emmie,Kaesmans,ekaesmansc1@redcross.org,Female,42.86.64.54
435,Peterus,Maldin,pmaldinc2@cbsnews.com,Male,37.167.145.157
436,Bartolemo,Gosnoll,bgosnollc3@java.com,Male,87.71.131.252
437,Sheff,Bingham,sbinghamc4@jiathis.com,Male,84.165.57.56
438,Flor,Feore,ffeorec5@ning.com,Female,219.245.63.18
439,Garv,Fenners,gfennersc6@goo.ne.jp,Male,234.41.135.155
440,Rudolf,Skipsea,rskipseac7@wordpress.org,Male,170.69.209.168
441,Perice,Kelshaw,pkelshawc8@domainmarket.com,Male,48.162.63.158
442,Andriana,Undrell,aundrellc9@dropbox.com,Female,32.163.63.62
443,Shanan,Simkovich,ssimkovichca@apple.com,Male,127.200.209.95
444,Ansell,Pietrowicz,apietrowiczcb@woothemes.com,Male,193.26.187.61
445,Huey,Mitchelson,hmitchelsoncc@businessinsider.com,Male,26.71.109.254
446,Winfred,Ferries,wferriescd@parallels.com,Male,17.208.26.17
447,Marge,Kocher,mkocherce@facebook.com,Female,31.80.185.155
448,Nikola,Patek,npatekcf@theguardian.com,Male,5.175.217.145
449,Sol,D'Elias,sdeliascg@amazon.co.uk,Male,56.165.166.215
450,Corissa,Thornley,cthornleych@hexun.com,Female,129.6.49.105
451,Andres,Gallon,agallonci@google.nl,Male,79.34.15.223
452,Gibby,Lovejoy,glovejoycj@rambler.ru,Male,189.98.175.229
453,Dorotea,Dodswell,ddodswellck@mysql.com,Female,179.244.146.164
454,Odell,Foskin,ofoskincl@macromedia.com,Male,41.66.16.150
455,Car,Windress,cwindresscm@ed.gov,Male,142.16.48.181
456,Kahaleel,Haszard,khaszardcn@scribd.com,Male,90.200.207.119
457,Desdemona,Lickorish,dlickorishco@cyberchimps.com,Female,206.47.172.131
458,Sunshine,Kehri,skehricp@vimeo.com,Female,252.100.145.133
459,Judas,Burgett,jburgettcq@desdev.cn,Male,206.96.52.73
460,Rosita,Rabson,rrabsoncr@icio.us,Female,178.36.178.127
461,Oran,Chasmoor,ochasmoorcs@blogspot.com,Male,33.174.254.119
462,Zak,Tabourier,ztabourierct@weebly.com,Male,141.234.242.238
463,Nikki,Knath,nknathcu@apache.org,Male,140.76.83.143
464,Sullivan,Brimmacombe,sbrimmacombecv@phpbb.com,Male,62.247.245.144
465,Port,Ogle,poglecw@baidu.com,Male,95.185.74.143
466,Richy,Soloway,rsolowaycx@simplemachines.org,Male,176.5.222.123
467,Finn,Binnion,fbinnioncy@prweb.com,Male,127.218.242.233
468,Susannah,Terzza,sterzzacz@weibo.com,Female,14.255.114.32
469,Frieda,Dowyer,fdowyerd0@ucsd.edu,Female,89.8.68.2
470,Darsie,McGaugan,dmcgaugand1@cocolog-nifty.com,Female,235.169.149.160
471,Bondon,Schwartz,bschwartzd2@slate.com,Male,128.124.190.11
472,Antonino,Kemble,akembled3@free.fr,Male,102.196.100.174
473,Kinnie,Di Roberto,kdirobertod4@msu.edu,Male,190.119.173.205
474,Hollie,Quarrie,hquarried5@spotify.com,Female,152.91.109.191
475,Winifield,McGuffog,wmcguffogd6@is.gd,Male,242.73.147.17
476,Ervin,Gregoletti,egregolettid7@sakura.ne.jp,Male,62.110.198.57
477,Damaris,Scutching,dscutchingd8@msn.com,Female,219.209.152.243
478,Carine,Crenage,ccrenaged9@sciencedirect.com,Female,154.15.161.230
479,Queenie,Ceschi,qceschida@shutterfly.com,Female,55.190.227.184
480,Brynna,Tickel,btickeldb@printfriendly.com,Female,142.78.234.29
481,Lian,Najera,lnajeradc@home.pl,Female,117.35.136.54
482,Stoddard,Mullally,smullallydd@artisteer.com,Female,222.65.77.74
483,Tedd,Baswall,tbaswallde@uiuc.edu,Male,50.160.114.15
484,Wilmar,Mervyn,wmervyndf@cmu.edu,Male,3.192.166.249
485,Emylee,Corse,ecorsedg@hatena.ne.jp,Female,255.85.15.152
486,Arlin,Himpson,ahimpsondh@ning.com,Male,156.73.205.50
487,Rene,Lippo,rlippodi@mozilla.org,Male,144.208.233.206
488,Buiron,Radage,bradagedj@wunderground.com,Male,119.210.157.159
489,Myron,Morrid,mmorriddk@tiny.cc,Male,188.136.24.167
490,Dareen,Bolle,dbolledl@vkontakte.ru,Female,242.195.119.19
491,Rem,Baelde,rbaeldedm@linkedin.com,Male,242.41.194.85
492,Hagan,Fumagalli,hfumagallidn@w3.org,Male,19.226.100.246
493,Manfred,Totaro,mtotarodo@craigslist.org,Male,157.215.140.23
494,Hobey,Simukov,hsimukovdp@istockphoto.com,Male,47.201.55.149
495,Ingmar,Kosiada,ikosiadadq@diigo.com,Male,66.188.150.56
496,Emmalynn,Dyster,edysterdr@booking.com,Female,201.167.189.127
497,Joshua,Ivakin,jivakinds@topsy.com,Male,188.168.231.83
498,Pippy,Maggorini,pmaggorinidt@amazon.com,Female,102.65.179.131
499,Cathi,Tute,ctutedu@sohu.com,Female,194.164.244.204
500,Alexio,Parkman,aparkmandv@nih.gov,Male,171.52.92.253
501,Emilia,Sivier,esivierdw@bbc.co.uk,Female,72.232.124.180
502,Octavius,Rennebach,orennebachdx@deviantart.com,Male,5.41.251.249
503,Esme,Derye-Barrett,ederyebarrettdy@behance.net,Female,255.25.230.63
504,Jaye,Longmuir,jlongmuirdz@trellian.com,Male,225.138.250.255
505,Renell,Dimic,rdimice0@apple.com,Female,38.108.8.28
506,Stinky,Goude,sgoudee1@pen.io,Male,132.79.14.9
507,Giulia,Westlake,gwestlakee2@shop-pro.jp,Female,236.214.183.86
508,Teresita,Bridgnell,tbridgnelle3@weather.com,Female,218.43.166.50
509,Xylina,Tregent,xtregente4@tripadvisor.com,Female,169.115.246.217
510,Channa,Burley,cburleye5@fda.gov,Female,234.216.245.214
511,Mata,Hansford,mhansforde6@va.gov,Male,182.203.42.78
512,Louisette,Bednall,lbednalle7@behance.net,Female,93.86.217.19
513,Augusta,Gautrey,agautreye8@360.cn,Female,152.60.254.220
514,Crystal,Vinall,cvinalle9@about.com,Female,66.81.200.52
515,Dasya,Ruggier,druggierea@ihg.com,Female,216.243.144.68
516,Salim,Ornils,sornilseb@time.com,Male,213.231.208.101
517,Burt,Corradino,bcorradinoec@privacy.gov.au,Male,231.120.16.69
518,Emmaline,Suffield,esuffielded@businessinsider.com,Female,158.116.247.64
519,Madelena,Pratte,mpratteee@loc.gov,Female,98.199.184.125
520,Willi,Labrom,wlabromef@google.co.uk,Female,175.136.194.167
521,Kellsie,Tomasz,ktomaszeg@nationalgeographic.com,Female,81.134.236.111
522,Gaelan,Presnell,gpresnelleh@livejournal.com,Male,233.18.165.128
523,Mata,Hentzer,mhentzerei@usnews.com,Male,12.67.31.40
524,Giovanni,Brittain,gbrittainej@deliciousdays.com,Male,231.216.250.119
525,Wrennie,Aylin,waylinek@usa.gov,Female,142.156.109.84
526,Derwin,Eickhoff,deickhoffel@theguardian.com,Male,7.233.77.232
527,Ailina,Noor,anoorem@linkedin.com,Female,166.185.125.126
528,Carmelita,Brailsford,cbrailsforden@simplemachines.org,Female,239.103.147.246
529,Brunhilda,Selbach,bselbacheo@barnesandnoble.com,Female,236.251.154.134
530,Fannie,Label,flabelep@posterous.com,Female,109.128.114.184
531,Judon,McAmish,jmcamisheq@sohu.com,Male,75.182.56.194
532,Kali,Playle,kplayleer@home.pl,Female,240.69.92.196
533,Regan,Whales,rwhaleses@tinyurl.com,Female,184.220.161.156
534,Ammamaria,Murrish,amurrishet@github.io,Female,223.181.90.39
535,Thornie,Wrankmore,twrankmoreeu@istockphoto.com,Male,135.232.224.196
536,Arleta,Cullinan,acullinanev@washington.edu,Female,126.215.64.236
537,Gae,Hales,ghalesew@naver.com,Female,217.2.206.244
538,Leicester,Pattenden,lpattendenex@issuu.com,Male,147.148.232.219
539,Brigitte,Wayte,bwayteey@marketwatch.com,Female,18.127.9.193
540,Flossi,Ashcroft,fashcroftez@dyndns.org,Female,242.134.186.115
541,Juliette,Petrillo,jpetrillof0@redcross.org,Female,236.149.117.1
542,Bernie,Wetherell,bwetherellf1@ameblo.jp,Female,199.32.118.137
543,Jessi,Maloney,jmaloneyf2@latimes.com,Female,21.209.33.7
544,Nissie,Murdie,nmurdief3@multiply.com,Female,93.204.28.175
545,Nikita,Gummary,ngummaryf4@xinhuanet.com,Male,67.13.141.40
546,Emlen,Birch,ebirchf5@t-online.de,Male,162.213.76.12
547,Darnell,Staresmeare,dstaresmearef6@123-reg.co.uk,Male,185.12.157.230
548,Gauthier,Dymocke,gdymockef7@hatena.ne.jp,Male,231.18.32.12
549,Harrie,Reilly,hreillyf8@drupal.org,Female,42.178.46.109
550,Carmella,McGuiney,cmcguineyf9@bbc.co.uk,Female,92.205.178.179
551,Adamo,Paxman,apaxmanfa@nps.gov,Male,81.163.132.0
552,Jereme,Alban,jalbanfb@usda.gov,Male,196.143.97.13
553,Noah,Aloshikin,naloshikinfc@indiatimes.com,Male,149.44.197.114
554,Darlleen,Cecil,dcecilfd@wikipedia.org,Female,157.248.100.154
555,Shannon,Streatfield,sstreatfieldfe@umich.edu,Female,10.141.57.66
556,Donnie,Challiner,dchallinerff@icq.com,Male,127.185.51.69
557,Juline,Neissen,jneissenfg@hatena.ne.jp,Female,40.213.177.132
558,Dolli,Gibling,dgiblingfh@deviantart.com,Female,208.44.94.60
559,Sayers,Kirkam,skirkamfi@bravesites.com,Male,230.16.82.220
560,Bathsheba,Driussi,bdriussifj@dyndns.org,Female,238.96.221.9
561,Paten,Itzhaki,pitzhakifk@bluehost.com,Male,248.186.79.52
562,Wilhelmina,Tosdevin,wtosdevinfl@list-manage.com,Female,4.134.134.63
563,Novelia,Malicki,nmalickifm@elegantthemes.com,Female,28.41.233.192
564,Garwin,Leftley,gleftleyfn@java.com,Male,209.137.123.70
565,Nevsa,Ettery,netteryfo@paginegialle.it,Female,25.161.58.11
566,Atlanta,Genthner,agenthnerfp@squarespace.com,Female,64.117.142.160
567,Otis,Simonitto,osimonittofq@bloglovin.com,Male,50.72.155.34
568,Faunie,Antonijevic,fantonijevicfr@cisco.com,Female,198.199.208.60
569,Lavena,Nolleau,lnolleaufs@hp.com,Female,106.91.106.81
570,Berny,Klamp,bklampft@pagesperso-orange.fr,Female,159.247.246.41
571,Vincents,Alflat,valflatfu@shinystat.com,Male,1.221.236.211
572,Sherlocke,Cammoile,scammoilefv@bing.com,Male,165.157.137.160
573,Tobiah,Pechacek,tpechacekfw@1und1.de,Male,88.253.193.151
574,Cull,Letertre,cletertrefx@histats.com,Male,168.19.197.236
575,Mart,Daye,mdayefy@cmu.edu,Male,85.124.167.163
576,Jenny,Havvock,jhavvockfz@bluehost.com,Female,46.152.181.19
577,Akim,Angier,aangierg0@prlog.org,Male,102.154.193.166
578,Anita,Kemm,akemmg1@goo.ne.jp,Female,13.193.162.117
579,Silvie,Ludford,sludfordg2@surveymonkey.com,Female,162.188.184.31
580,Suzanne,Sturzaker,ssturzakerg3@berkeley.edu,Female,232.20.65.230
581,Deeanne,Ferreo,dferreog4@webnode.com,Female,80.253.246.120
582,Vanessa,Cubbini,vcubbinig5@theglobeandmail.com,Female,161.36.137.67
583,Zandra,Underwood,zunderwoodg6@ow.ly,Female,89.5.86.8
584,Dionysus,Camois,dcamoisg7@cdbaby.com,Male,117.11.71.93
585,Von,Grute,vgruteg8@aboutads.info,Male,18.231.106.101
586,Felike,Wollaston,fwollastong9@cbsnews.com,Male,42.157.52.130
587,Adolpho,Wallwood,awallwoodga@aol.com,Male,29.39.165.159
588,Lewie,Bonafacino,lbonafacinogb@mapquest.com,Male,194.108.184.200
589,Garwin,Hymor,ghymorgc@goo.gl,Male,184.166.32.116
590,Davis,Edgecumbe,dedgecumbegd@cbc.ca,Male,117.34.211.5
591,Hayes,Seamarke,hseamarkege@behance.net,Male,135.226.157.216
592,Hymie,Partkya,hpartkyagf@hhs.gov,Male,207.72.153.156
593,Emmott,Ingrey,eingreygg@trellian.com,Male,225.139.162.46
594,Orlan,Sterke,osterkegh@dion.ne.jp,Male,247.119.13.168
595,Alwyn,Coverlyn,acoverlyngi@craigslist.org,Male,140.78.101.3
596,Chrystal,Matejic,cmatejicgj@businessweek.com,Female,215.2.117.168
597,Leonardo,Behning,lbehninggk@dedecms.com,Male,120.172.242.142
598,Olivero,Jubert,ojubertgl@google.es,Male,253.32.31.238
599,Pearl,Tow,ptowgm@gmpg.org,Female,238.115.103.93
600,Cesar,Vasyukhichev,cvasyukhichevgn@acquirethisname.com,Male,20.140.71.137
601,Nels,Eardley,neardleygo@hexun.com,Male,170.6.139.211
602,Nancee,Von Der Empten,nvonderemptengp@drupal.org,Female,29.229.197.35
603,Tammie,Cuphus,tcuphusgq@theglobeandmail.com,Female,162.212.35.154
604,Winnie,Payn,wpayngr@chron.com,Female,243.171.115.109
605,Oren,Serchwell,oserchwellgs@github.com,Male,146.26.158.144
606,Thaine,Gosling,tgoslinggt@yellowbook.com,Male,44.239.116.240
607,Nollie,Marciek,nmarciekgu@nifty.com,Male,146.251.154.86
608,Randolph,Bestiman,rbestimangv@soundcloud.com,Male,14.169.143.17
609,Flor,Rigg,frigggw@cnbc.com,Female,169.163.95.251
610,Kimberli,Wesson,kwessongx@spiegel.de,Female,19.81.168.10
611,Bronson,Reimer,breimergy@pagesperso-orange.fr,Male,14.30.125.77
612,Maighdiln,Grouse,mgrousegz@walmart.com,Female,219.232.158.226
613,Roman,Lammas,rlammash0@sciencedaily.com,Male,133.197.113.200
614,Clarke,MacKowle,cmackowleh1@storify.com,Male,14.97.37.226
615,Shayla,Surgeoner,ssurgeonerh2@comcast.net,Female,129.26.201.242
616,Egor,Stebbins,estebbinsh3@google.co.jp,Male,101.206.8.242
617,Ganny,Wantling,gwantlingh4@washingtonpost.com,Male,234.131.152.99
618,Glen,Hought,ghoughth5@ebay.com,Male,224.187.98.191
619,Kassia,Goodbourn,kgoodbournh6@prnewswire.com,Female,223.109.120.157
620,Sib,Persehouse,spersehouseh7@homestead.com,Female,211.191.132.98
621,Bobbette,Kirrage,bkirrageh8@is.gd,Female,98.221.22.55
622,Shauna,Holttom,sholttomh9@elegantthemes.com,Female,57.225.242.70
623,Sybyl,Ellis,sellisha@over-blog.com,Female,65.60.190.112
624,Malinda,Fernan,mfernanhb@gov.uk,Female,154.79.124.175
625,Brande,Ryding,brydinghc@apple.com,Female,15.233.164.116
626,Thor,Mungin,tmunginhd@infoseek.co.jp,Male,145.140.84.58
627,Jeromy,Reimer,jreimerhe@imageshack.us,Male,240.34.65.220
628,Melina,Batter,mbatterhf@scribd.com,Female,106.184.49.233
629,Fabe,Grissett,fgrissetthg@is.gd,Male,6.168.211.183
630,Erek,Tenpenny,etenpennyhh@shutterfly.com,Male,121.117.70.85
631,Rhody,Ormond,rormondhi@deviantart.com,Female,201.34.199.109
632,Rich,Gaven,rgavenhj@deviantart.com,Male,245.73.22.175
633,Cacilia,Hagerty,chagertyhk@bloglovin.com,Female,7.10.52.155
634,Hermon,Schimmang,hschimmanghl@sina.com.cn,Male,137.221.72.205
635,Lita,Truelove,ltruelovehm@networkadvertising.org,Female,108.203.137.94
636,Raimondo,Garthshore,rgarthshorehn@telegraph.co.uk,Male,182.179.150.86
637,Jourdan,Jarad,jjaradho@desdev.cn,Female,241.119.113.2
638,Katlin,Dhenin,kdheninhp@bizjournals.com,Female,167.13.166.21
639,Sasha,Mapledoram,smapledoramhq@paypal.com,Male,74.68.191.48
640,Richmond,Sive,rsivehr@vk.com,Male,118.235.175.19
641,Delmore,Biaggiotti,dbiaggiottihs@usda.gov,Male,14.232.4.14
642,Claybourne,Tesseyman,ctesseymanht@hp.com,Male,77.120.22.167
643,Nicholle,Urch,nurchhu@technorati.com,Female,37.123.14.25
644,Lorry,Wardale,lwardalehv@patch.com,Female,243.204.239.215
645,Tadio,Brennenstuhl,tbrennenstuhlhw@fotki.com,Male,172.173.182.49
646,Frieda,De Marchi,fdemarchihx@home.pl,Female,36.40.222.133
647,Matthias,Braid,mbraidhy@zdnet.com,Male,227.211.244.97
648,Rube,Ambresin,rambresinhz@weather.com,Male,158.43.188.154
649,Burnard,Loins,bloinsi0@weebly.com,Male,151.228.232.61
650,Murial,Lamswood,mlamswoodi1@cornell.edu,Female,102.149.187.234
651,Sherri,Cuskery,scuskeryi2@behance.net,Female,119.120.147.10
652,Maitilde,Sisland,msislandi3@imgur.com,Female,153.195.2.165
653,Sada,Jandel,sjandeli4@home.pl,Female,87.224.96.81
654,Nadeen,Hume,nhumei5@4shared.com,Female,73.244.121.88
655,Roseanne,Scandrett,rscandretti6@list-manage.com,Female,35.255.249.95
656,Liz,McCloid,lmccloidi7@usnews.com,Female,236.108.238.141
657,Valene,Monks,vmonksi8@arizona.edu,Female,226.14.252.47
658,Tam,Creavan,tcreavani9@google.ru,Male,16.208.204.198
659,Idette,Alfuso,ialfusoia@hostgator.com,Female,225.168.90.103
660,Jena,Farnell,jfarnellib@toplist.cz,Female,244.10.214.136
661,Esme,Dibner,edibneric@microsoft.com,Male,51.153.210.250
662,Olva,Cumbes,ocumbesid@wikia.com,Female,129.182.16.235
663,Minetta,Pennuzzi,mpennuzziie@ezinearticles.com,Female,125.244.156.44
664,Nikoletta,Millard,nmillardif@patch.com,Female,167.241.68.49
665,Cicily,Gentner,cgentnerig@msu.edu,Female,126.221.237.207
666,Meghan,Sargison,msargisonih@netscape.com,Female,253.37.170.12
667,Ardine,Northing,anorthingii@github.io,Female,71.62.213.36
668,Jennica,McLane,jmclaneij@youku.com,Female,126.112.215.74
669,Rich,Brose,rbroseik@reuters.com,Male,144.90.126.214
670,Leila,Ruzicka,lruzickail@jiathis.com,Female,150.32.107.64
671,Ambrosio,Grice,agriceim@pcworld.com,Male,4.223.59.238
672,Katy,Coddrington,kcoddringtonin@google.nl,Female,204.174.189.82
673,Meghan,Goodhew,mgoodhewio@hugedomains.com,Female,236.160.243.138
674,Jesse,Shirland,jshirlandip@who.int,Female,95.24.43.255
675,Prescott,Serris,pserrisiq@tripod.com,Male,127.57.2.197
676,Lowrance,Dunbobin,ldunbobinir@sphinn.com,Male,146.66.171.209
677,Ursala,Dyment,udymentis@g.co,Female,13.140.198.7
678,Carolynn,Abbotts,cabbottsit@amazon.co.jp,Female,151.150.99.142
679,Dun,Seyffert,dseyffertiu@w3.org,Male,112.127.123.13
680,Cary,Le Houx,clehouxiv@merriam-webster.com,Male,11.149.22.158
681,Derk,Roblin,drobliniw@bing.com,Male,76.2.134.34
682,Barney,Ackerman,backermanix@jugem.jp,Male,113.195.183.120
683,Betti,Carloni,bcarloniiy@yellowbook.com,Female,128.21.126.182
684,Ximenes,Shallcrass,xshallcrassiz@barnesandnoble.com,Male,188.70.255.119
685,Chariot,Martensen,cmartensenj0@nytimes.com,Male,171.189.9.148
686,Desi,Merrigans,dmerrigansj1@mysql.com,Male,125.82.118.113
687,Larine,Leyborne,lleybornej2@imdb.com,Female,0.237.94.204
688,Renaldo,Hollingsby,rhollingsbyj3@1688.com,Male,249.178.179.60
689,Collie,Bromwich,cbromwichj4@liveinternet.ru,Female,93.254.32.107
690,Raleigh,Twitty,rtwittyj5@alexa.com,Male,1.40.41.3
691,Anette,Lintott,alintottj6@msu.edu,Female,242.172.210.91
692,Lilly,Burberry,lburberryj7@photobucket.com,Female,83.136.122.95
693,Hedvig,Ogle,hoglej8@prnewswire.com,Female,110.92.43.212
694,Kennan,Persent,kpersentj9@bizjournals.com,Male,160.200.8.119
695,Tremayne,Dixey,tdixeyja@newyorker.com,Male,88.209.50.159
696,Nancie,Hartshorne,nhartshornejb@topsy.com,Female,23.122.137.73
697,Che,Hathaway,chathawayjc@eepurl.com,Male,55.69.253.104
698,Ariadne,Peattie,apeattiejd@ezinearticles.com,Female,202.95.183.140
699,Garrott,Chucks,gchucksje@elegantthemes.com,Male,220.80.148.8
700,Ericka,Craise,ecraisejf@nba.com,Female,18.48.185.96
701,Jo,Keerl,jkeerljg@vk.com,Male,127.36.159.156
702,Alysa,Deeman,adeemanjh@simplemachines.org,Female,120.175.245.166
703,Ellissa,Braundt,ebraundtji@usda.gov,Female,61.196.223.147
704,Delinda,Cardall,dcardalljj@pagesperso-orange.fr,Female,79.209.249.226
705,Aili,McAtamney,amcatamneyjk@newsvine.com,Female,111.113.209.201
706,Angus,Heber,aheberjl@rediff.com,Male,22.19.104.139
707,Joly,McFadden,jmcfaddenjm@nasa.gov,Female,75.195.32.244
708,Mersey,Nehls,mnehlsjn@sourceforge.net,Female,151.81.158.246
709,Adler,Bosnell,abosnelljo@whitehouse.gov,Male,159.156.21.233
710,Horst,Gauthorpp,hgauthorppjp@uiuc.edu,Male,192.1.116.217
711,Portie,McGrey,pmcgreyjq@usa.gov,Male,157.82.186.71
712,Rhetta,Pirrie,rpirriejr@istockphoto.com,Female,113.23.121.225
713,Bancroft,Bennet,bbennetjs@bigcartel.com,Male,93.2.215.28
714,Mozelle,Housegoe,mhousegoejt@ibm.com,Female,11.249.27.164
715,Joice,Druery,jdrueryju@cisco.com,Female,232.221.15.97
716,Marjie,Girardez,mgirardezjv@theguardian.com,Female,31.217.6.131
717,Cordie,Winslett,cwinslettjw@aboutads.info,Male,73.59.28.167
718,Bert,Turton,bturtonjx@ycombinator.com,Male,133.149.190.60
719,Khalil,Sherratt,ksherrattjy@youku.com,Male,251.64.126.45
720,Judas,Bend,jbendjz@tuttocitta.it,Male,124.201.253.87
721,Clark,Halling,challingk0@patch.com,Male,237.244.9.5
722,Hugibert,O'Longain,holongaink1@ameblo.jp,Male,149.56.227.154
723,Cariotta,Petto,cpettok2@dot.gov,Female,248.181.198.168
724,Merrel,Stovold,mstovoldk3@artisteer.com,Male,75.129.9.1
725,Jourdan,Joannidi,jjoannidik4@webs.com,Female,106.174.80.214
726,Ludwig,Arrighini,larrighinik5@eepurl.com,Male,23.168.174.247
727,Noach,Clementet,nclementetk6@fastcompany.com,Male,9.155.72.20
728,Amery,Eggleton,aeggletonk7@scribd.com,Male,96.57.116.196
729,Isa,Caldow,icaldowk8@harvard.edu,Male,103.212.183.73
730,Judye,Stammers,jstammersk9@cbc.ca,Female,232.161.210.181
731,Gerianna,Manton,gmantonka@typepad.com,Female,178.87.53.85
732,Nobie,Thecham,nthechamkb@umich.edu,Male,163.186.160.12
733,Ives,Dowse,idowsekc@dailymail.co.uk,Male,211.212.144.92
734,Mariana,Kearsley,mkearsleykd@tripod.com,Female,118.70.193.169
735,Charmaine,Cancelier,ccancelierke@nasa.gov,Female,86.242.68.151
736,Lorne,O'Dunneen,lodunneenkf@whitehouse.gov,Female,100.205.186.53
737,Guthrey,Cull,gcullkg@theguardian.com,Male,253.6.142.195
738,Clark,Senn,csennkh@icq.com,Male,96.177.4.48
739,Kirbee,Lampert,klampertki@weebly.com,Female,212.15.59.167
740,Jae,Gon,jgonkj@facebook.com,Male,90.27.35.78
741,Norma,Knudsen,nknudsenkk@bing.com,Female,154.131.124.248
742,Wilt,Howerd,whowerdkl@privacy.gov.au,Male,248.216.90.177
743,Barnett,McIver,bmciverkm@columbia.edu,Male,16.240.215.41
744,Bertrand,Munehay,bmunehaykn@oakley.com,Male,136.203.202.40
745,Lauretta,Orange,lorangeko@ow.ly,Female,48.197.217.235
746,Renaud,Slimm,rslimmkp@etsy.com,Male,161.121.8.204
747,Ninetta,Rembrandt,nrembrandtkq@last.fm,Female,22.227.161.77
748,Randi,Cohn,rcohnkr@angelfire.com,Male,244.0.8.82
749,Lilias,Schiell,lschiellks@vkontakte.ru,Female,123.35.67.52
750,Kai,Darrell,kdarrellkt@nydailynews.com,Female,10.242.29.59
751,Ava,Lundberg,alundbergku@booking.com,Female,208.43.216.185
752,Osborn,Karmel,okarmelkv@ft.com,Male,14.81.150.110
753,Jada,Gollop,jgollopkw@google.com,Female,121.119.86.77
754,Quincy,Tudball,qtudballkx@rambler.ru,Male,104.123.253.174
755,Denney,Whetson,dwhetsonky@gmpg.org,Male,194.245.67.175
756,Timmie,Groucutt,tgroucuttkz@dmoz.org,Male,11.170.215.30
757,Laraine,Gervaise,lgervaisel0@addthis.com,Female,213.23.158.24
758,Emalee,Odam,eodaml1@parallels.com,Female,114.236.105.232
759,Roxana,Goldhawk,rgoldhawkl2@springer.com,Female,33.144.40.10
760,Jeffie,Goggen,jgoggenl3@nytimes.com,Male,217.39.86.82
761,Kattie,Pakenham,kpakenhaml4@shop-pro.jp,Female,121.111.127.82
762,Berkley,Stuttard,bstuttardl5@hao123.com,Male,208.12.45.17
763,Cassie,Hagart,chagartl6@networksolutions.com,Female,41.188.231.229
764,Rennie,Chmarny,rchmarnyl7@chicagotribune.com,Female,159.205.9.239
765,Cassi,Sandom,csandoml8@hatena.ne.jp,Female,151.243.78.103
766,Mariya,Heck,mheckl9@intel.com,Female,237.200.237.14
767,Randy,Witcherley,rwitcherleyla@sbwire.com,Male,193.28.118.212
768,Nicol,Gothrup,ngothruplb@livejournal.com,Female,56.110.243.195
769,Kimmi,Lapham,klaphamlc@netvibes.com,Female,225.151.89.150
770,Dene,Kybbye,dkybbyeld@naver.com,Male,126.60.94.141
771,Cathrine,Lenthall,clenthallle@eventbrite.com,Female,195.66.114.125
772,Torry,Burgoine,tburgoinelf@squidoo.com,Male,149.94.128.104
773,Cthrine,Bourne,cbournelg@purevolume.com,Female,61.58.237.157
774,Ernestine,O'Neill,eoneilllh@psu.edu,Female,108.43.47.161
775,Bette,Gosden,bgosdenli@patch.com,Female,41.222.135.91
776,Jacintha,Vuitton,jvuittonlj@webeden.co.uk,Female,59.169.36.148
777,Niven,Larrat,nlarratlk@mapquest.com,Male,167.142.7.209
778,Lesley,Tilson,ltilsonll@ucsd.edu,Male,6.69.7.130
779,Dody,Kirimaa,dkirimaalm@bluehost.com,Female,49.52.140.181
780,Cherry,Oxbrow,coxbrowln@reuters.com,Female,48.108.227.246
781,Ondrea,Ions,oionslo@springer.com,Female,133.180.221.249
782,Alyse,Dickman,adickmanlp@altervista.org,Female,25.48.131.97
783,Verge,Czajka,vczajkalq@list-manage.com,Male,254.97.210.176
784,Karia,Joutapavicius,kjoutapaviciuslr@angelfire.com,Female,124.248.159.159
785,Quincey,Kondratenya,qkondratenyals@t.co,Male,111.35.71.74
786,Gray,Danko,gdankolt@webmd.com,Female,254.138.43.177
787,Danila,Linden,dlindenlu@free.fr,Female,15.76.148.77
788,Cordula,Defont,cdefontlv@mayoclinic.com,Female,241.216.29.29
789,Amii,Mewett,amewettlw@cyberchimps.com,Female,158.163.47.219
790,Melly,Perris,mperrislx@jiathis.com,Female,121.177.29.51
791,Wayne,Hartright,whartrightly@java.com,Male,79.14.25.101
792,Rosana,Smithson,rsmithsonlz@e-recht24.de,Female,76.39.128.201
793,Ardis,Kezar,akezarm0@instagram.com,Female,168.173.25.117
794,Thea,Howselee,thowseleem1@tumblr.com,Female,163.33.194.117
795,Carlie,Provis,cprovism2@vk.com,Male,162.220.23.33
796,Vlad,Alvin,valvinm3@mac.com,Male,9.61.124.40
797,Dorette,Worthington,dworthingtonm4@mtv.com,Female,155.27.115.30
798,Upton,Chataignier,uchataignierm5@upenn.edu,Male,23.113.17.77
799,Adam,Rignold,arignoldm6@patch.com,Male,163.245.158.27
800,Gillan,Fluck,gfluckm7@alexa.com,Female,227.182.253.97
801,Hope,MacGiffin,hmacgiffinm8@ucsd.edu,Female,129.164.31.8
802,Ag,Cotherill,acotherillm9@gnu.org,Female,203.64.230.31
803,Regine,Klazenga,rklazengama@globo.com,Female,64.229.179.219
804,Mariska,Cornish,mcornishmb@cloudflare.com,Female,220.7.95.219
805,Pall,Heimann,pheimannmc@goo.gl,Male,139.240.155.64
806,Nikola,Curnokk,ncurnokkmd@wufoo.com,Male,215.248.100.213
807,Christie,Driver,cdriverme@typepad.com,Female,140.168.18.42
808,Vevay,Ianelli,vianellimf@bloglines.com,Female,116.100.145.142
809,Kev,Palumbo,kpalumbomg@gizmodo.com,Male,121.138.77.89
810,Frasquito,Bascombe,fbascombemh@cbslocal.com,Male,174.45.106.194
811,Joela,Bolding,jboldingmi@huffingtonpost.com,Female,119.189.145.211
812,Fredrika,Corbishley,fcorbishleymj@fema.gov,Female,68.250.172.186
813,Peterus,Mannion,pmannionmk@seattletimes.com,Male,143.13.131.132
814,Dorothy,Youens,dyouensml@guardian.co.uk,Female,152.129.155.226
815,Ebba,Murch,emurchmm@walmart.com,Female,195.65.74.61
816,Iolande,Snedker,isnedkermn@sun.com,Female,211.188.110.169
817,Sallee,O'Hallihane,sohallihanemo@bbc.co.uk,Female,60.25.25.234
818,Kelwin,Pate,kpatemp@zdnet.com,Male,194.209.142.37
819,Tyson,Danielski,tdanielskimq@shop-pro.jp,Male,185.125.62.230
820,Beryl,Benzi,bbenzimr@bloglovin.com,Female,177.124.221.230
821,Myrvyn,Jeduch,mjeduchms@zimbio.com,Male,161.144.129.22
822,Andres,Dougill,adougillmt@plala.or.jp,Male,20.152.171.115
823,Lennard,Pessold,lpessoldmu@aol.com,Male,241.179.54.174
824,Adiana,Halward,ahalwardmv@washingtonpost.com,Female,36.155.20.31
825,Tyson,Imort,timortmw@facebook.com,Male,184.57.113.187
826,Erny,Edlyne,eedlynemx@1688.com,Male,214.99.96.235
827,Cortie,Cleeves,ccleevesmy@twitter.com,Male,183.20.60.11
828,Demetrius,Milvarnie,dmilvarniemz@joomla.org,Male,123.211.204.153
829,Wallis,Mangan,wmangann0@feedburner.com,Female,92.95.132.149
830,Stanley,Coxall,scoxalln1@opera.com,Male,250.108.146.53
831,Joey,Trundell,jtrundelln2@mapy.cz,Male,166.153.162.216
832,Jessie,Mellsop,jmellsopn3@about.com,Female,241.78.143.152
833,Izabel,Linwood,ilinwoodn4@cmu.edu,Female,249.32.65.61
834,Parry,Le Marchant,plemarchantn5@liveinternet.ru,Male,2.76.172.231
835,Vitoria,Storrock,vstorrockn6@dedecms.com,Female,85.65.138.133
836,Dale,Gobourn,dgobournn7@oakley.com,Female,120.239.71.155
837,Felisha,Fawkes,ffawkesn8@networkadvertising.org,Female,48.185.209.245
838,Ermina,Bodle,ebodlen9@gmpg.org,Female,227.33.24.27
839,Isidore,Richten,irichtenna@craigslist.org,Male,154.130.28.84
840,Amara,Olive,aolivenb@biblegateway.com,Female,148.24.138.96
841,Minetta,Reinisch,mreinischnc@cbc.ca,Female,183.146.43.27
842,Lucille,Tennison,ltennisonnd@i2i.jp,Female,66.8.45.70
843,Enrico,Breagan,ebreaganne@blogspot.com,Male,233.111.222.22
844,Dukey,McGaughey,dmcgaugheynf@deliciousdays.com,Male,252.36.2.153
845,Elberta,Verissimo,everissimong@bizjournals.com,Female,99.160.103.218
846,Guntar,Coggill,gcoggillnh@bloglovin.com,Male,246.11.35.176
847,Ronnie,Murkin,rmurkinni@businessinsider.com,Male,157.203.195.20
848,Nels,Cornejo,ncornejonj@vkontakte.ru,Male,250.234.67.7
849,Tremain,Feasey,tfeaseynk@cisco.com,Male,214.225.206.63
850,Prescott,Gurner,pgurnernl@google.pl,Male,244.104.103.196
851,Ravid,MacCombe,rmaccombenm@goo.gl,Male,116.215.203.5
852,Lind,Kew,lkewnn@answers.com,Female,201.101.90.56
853,Siusan,Goldman,sgoldmanno@delicious.com,Female,234.10.40.58
854,Em,Braithwaite,ebraithwaitenp@yellowbook.com,Male,113.176.140.19
855,Kalil,Trolley,ktrolleynq@vkontakte.ru,Male,4.106.108.143
856,Sabra,Fairnington,sfairningtonnr@yellowbook.com,Female,1.248.225.206
857,Wye,Koop,wkoopns@kickstarter.com,Male,90.131.78.79
858,Rivy,Woolner,rwoolnernt@cpanel.net,Female,19.152.113.109
859,Marinna,Calder,mcaldernu@trellian.com,Female,244.12.227.51
860,Piper,Eaves,peavesnv@baidu.com,Female,89.112.19.243
861,Meredith,Merman,mmermannw@imageshack.us,Female,127.57.22.170
862,Bernadette,Bucklan,bbucklannx@theatlantic.com,Female,136.242.154.152
863,Hartley,Palatino,hpalatinony@columbia.edu,Male,69.40.172.79
864,Garrek,Bark,gbarknz@posterous.com,Male,35.247.212.84
865,Brynn,Rumsey,brumseyo0@jiathis.com,Female,119.102.246.33
866,Phedra,Acutt,pacutto1@washingtonpost.com,Female,71.173.150.91
867,Auberon,Tarn,atarno2@odnoklassniki.ru,Male,208.110.28.90
868,Haskell,Trenaman,htrenamano3@mac.com,Male,231.240.119.24
869,Rowney,Shilston,rshilstono4@diigo.com,Male,254.111.25.244
870,Corey,Seagrave,cseagraveo5@tmall.com,Female,83.48.41.35
871,Jase,Lazar,jlazaro6@hubpages.com,Male,185.243.177.253
872,Todd,Hawkin,thawkino7@aboutads.info,Male,230.164.77.45
873,Melitta,Votier,mvotiero8@imdb.com,Female,15.92.93.142
874,Malina,Petheridge,mpetheridgeo9@examiner.com,Female,143.70.23.173
875,Dennet,Carcas,dcarcasoa@who.int,Male,163.22.213.227
876,Joelly,Duding,jdudingob@newsvine.com,Female,183.51.165.49
877,Adrien,Byham,abyhamoc@addtoany.com,Male,187.93.113.202
878,Aubry,Facer,afacerod@istockphoto.com,Female,101.103.84.100
879,Denver,Fourmy,dfourmyoe@google.ru,Male,61.217.0.199
880,Jo-ann,Daymont,jdaymontof@goodreads.com,Female,82.102.255.153
881,Billie,Delany,bdelanyog@360.cn,Male,163.77.41.77
882,Mohammed,Angelo,mangelooh@spotify.com,Male,40.8.170.114
883,Tasha,Trythall,ttrythalloi@ask.com,Female,203.208.219.120
884,Allan,Skevington,askevingtonoj@unblog.fr,Male,255.106.79.232
885,Erma,Watmore,ewatmoreok@prlog.org,Female,193.102.180.110
886,Cathleen,Covert,ccovertol@drupal.org,Female,163.19.3.68
887,Piotr,Laguerre,plaguerreom@live.com,Male,81.126.101.241
888,Riley,Trass,rtrasson@newyorker.com,Male,221.233.113.15
889,Candice,Brauns,cbraunsoo@qq.com,Female,51.149.26.254
890,Doug,Murty,dmurtyop@army.mil,Male,80.67.90.166
891,Craggy,Mosedale,cmosedaleoq@indiatimes.com,Male,196.12.223.107
892,Pryce,Yegorov,pyegorovor@ft.com,Male,174.222.92.66
893,Judith,Gascoine,jgascoineos@illinois.edu,Female,237.168.102.89
894,Rafaela,Uc,rucot@opera.com,Female,46.225.132.89
895,Katalin,Wooldridge,kwooldridgeou@cdbaby.com,Female,197.195.47.206
896,Humfrey,Baglan,hbaglanov@ameblo.jp,Male,191.129.179.203
897,Ursuline,Suett,usuettow@usda.gov,Female,76.166.51.53
898,Ellery,McLucas,emclucasox@eventbrite.com,Male,226.185.114.113
899,Germayne,Cornbill,gcornbilloy@craigslist.org,Male,97.4.76.107
900,Rickey,Cray,rcrayoz@shinystat.com,Male,87.154.97.79
901,Pernell,Gioan,pgioanp0@alibaba.com,Male,202.245.108.125
902,Alanson,Standall,astandallp1@google.com.br,Male,231.106.140.48
903,Lindsy,Buckleigh,lbuckleighp2@guardian.co.uk,Female,29.195.200.190
904,Reagen,Fetherstonhaugh,rfetherstonhaughp3@buzzfeed.com,Male,75.2.94.76
905,Gabriela,Osborne,gosbornep4@github.io,Female,141.142.164.60
906,Egon,Gullivent,egulliventp5@google.com.hk,Male,126.64.48.169
907,Bryn,Newey,bneweyp6@unesco.org,Male,39.8.59.245
908,Estelle,Gutherson,eguthersonp7@sciencedirect.com,Female,176.8.158.109
909,Laryssa,De Bruyne,ldebruynep8@devhub.com,Female,211.187.99.46
910,Binny,Ferneyhough,bferneyhoughp9@meetup.com,Female,141.181.6.89
911,Normy,Chanders,nchanderspa@reference.com,Male,78.120.57.88
912,Christiano,Antonazzi,cantonazzipb@army.mil,Male,124.171.252.247
913,Wrennie,Giraudou,wgiraudoupc@sourceforge.net,Female,195.54.107.5
914,Deni,Giannotti,dgiannottipd@tinyurl.com,Female,216.157.134.53
915,Findley,Yarr,fyarrpe@cdbaby.com,Male,79.15.241.70
916,Uri,Reiner,ureinerpf@springer.com,Male,249.73.189.103
917,Cornall,Startin,cstartinpg@example.com,Male,255.22.153.34
918,Brit,Scarre,bscarreph@yellowbook.com,Female,192.54.61.185
919,Mayor,McGilmartin,mmcgilmartinpi@jiathis.com,Male,48.165.97.245
920,Tori,Davern,tdavernpj@ask.com,Female,95.160.178.164
921,Heida,Tolemache,htolemachepk@engadget.com,Female,29.15.37.213
922,Sheba,Reddish,sreddishpl@paginegialle.it,Female,176.140.162.223
923,Hubey,Verrill,hverrillpm@livejournal.com,Male,248.186.194.236
924,Iain,Gley,igleypn@patch.com,Male,21.16.132.18
925,Eugenius,Merner,emernerpo@cmu.edu,Male,200.9.185.238
926,Desiree,Woodruff,dwoodruffpp@geocities.com,Female,195.77.230.237
927,Jenny,Wollacott,jwollacottpq@aboutads.info,Female,149.54.116.194
928,Viviyan,Tomlins,vtomlinspr@odnoklassniki.ru,Female,232.130.195.145
929,Berna,Blaik,bblaikps@apache.org,Female,242.42.102.2
930,Jacob,Ofen,jofenpt@hubpages.com,Male,218.255.105.163
931,Ibby,Atley,iatleypu@oakley.com,Female,159.72.24.135
932,Myriam,Dietsche,mdietschepv@sphinn.com,Female,15.212.124.180
933,Byram,Lakes,blakespw@cyberchimps.com,Male,11.132.230.240
934,Lemmy,Merryman,lmerrymanpx@nifty.com,Male,192.56.136.54
935,Westleigh,McAuslene,wmcauslenepy@friendfeed.com,Male,47.237.33.42
936,Binky,Ferandez,bferandezpz@mit.edu,Male,173.221.8.146
937,De witt,Linsley,dlinsleyq0@army.mil,Male,56.207.246.44
938,Hali,Cranage,hcranageq1@howstuffworks.com,Female,139.254.111.241
939,Mickie,Orlton,morltonq2@cmu.edu,Female,214.42.26.27
940,Freida,Nation,fnationq3@indiatimes.com,Female,252.166.168.120
941,Say,Adamek,sadamekq4@disqus.com,Male,129.73.52.229
942,Roxi,Fleckney,rfleckneyq5@globo.com,Female,3.184.254.107
943,Clio,Bertholin,cbertholinq6@ucoz.com,Female,90.155.166.29
944,Maryjane,Eary,mearyq7@comsenz.com,Female,85.240.240.132
945,Lanette,Gore,lgoreq8@pinterest.com,Female,145.223.220.22
946,Regine,Villa,rvillaq9@mayoclinic.com,Female,223.165.66.36
947,Beauregard,Fasler,bfaslerqa@netvibes.com,Male,81.203.23.38
948,Emalee,Coggin,ecogginqb@newyorker.com,Female,240.118.0.175
949,Fabiano,Astell,fastellqc@rakuten.co.jp,Male,203.190.23.225
950,Edwina,Hardesty,ehardestyqd@cornell.edu,Female,87.123.179.152
951,Rycca,Timblett,rtimblettqe@virginia.edu,Female,164.154.125.166
952,Ynes,Rossant,yrossantqf@jimdo.com,Female,118.250.208.118
953,Jeno,Ennion,jennionqg@acquirethisname.com,Male,107.23.67.203
954,Crystal,Errington,cerringtonqh@oracle.com,Female,134.200.119.209
955,Jolene,Yankov,jyankovqi@mozilla.org,Female,133.62.224.189
956,Lyndel,Waldera,lwalderaqj@storify.com,Female,179.209.125.241
957,Mathilda,Jutson,mjutsonqk@diigo.com,Female,179.215.215.94
958,Chelsie,Gemelli,cgemelliql@hubpages.com,Female,77.103.20.230
959,Marcille,Whenman,mwhenmanqm@behance.net,Female,254.231.8.118
960,Dyan,Jansens,djansensqn@domainmarket.com,Female,254.90.120.243
961,Randy,Crossman,rcrossmanqo@shutterfly.com,Male,222.35.240.146
962,Orran,Coady,ocoadyqp@gmpg.org,Male,191.82.164.215
963,Evan,Paulmann,epaulmannqq@amazon.co.uk,Male,181.146.97.206
964,Packston,Willsmore,pwillsmoreqr@aol.com,Male,19.112.57.85
965,Merrielle,Griswood,mgriswoodqs@linkedin.com,Female,44.177.161.165
966,Cayla,Brownrigg,cbrownriggqt@geocities.com,Female,101.158.185.221
967,Skye,Pharo,spharoqu@mediafire.com,Male,228.4.80.1
968,Kean,Josofovitz,kjosofovitzqv@ovh.net,Male,222.186.63.157
969,Emmey,Geerling,egeerlingqw@meetup.com,Female,71.133.54.36
970,Lisette,Eckersley,leckersleyqx@wiley.com,Female,50.193.74.148
971,Vinny,Orange,vorangeqy@admin.ch,Female,77.25.96.112
972,Helaine,Bowbrick,hbowbrickqz@epa.gov,Female,107.214.195.117
973,Ariel,Brambell,abrambellr0@list-manage.com,Male,87.98.153.216
974,Miltie,Zisneros,mzisnerosr1@psu.edu,Male,16.191.14.64
975,Beatrix,Skelhorn,bskelhornr2@guardian.co.uk,Female,52.248.6.35
976,Meghann,Cristou,mcristour3@4shared.com,Female,125.9.71.67
977,Carney,Kobelt,ckobeltr4@upenn.edu,Male,87.87.255.220
978,Guntar,Flemyng,gflemyngr5@dailymotion.com,Male,54.174.128.58
979,Morgen,Sawers,msawersr6@google.co.uk,Male,223.209.157.17
980,Ahmed,De Cleen,adecleenr7@sogou.com,Male,33.7.233.212
981,Dore,Giroldo,dgiroldor8@vkontakte.ru,Male,99.13.55.59
982,Helenelizabeth,Dumbell,hdumbellr9@t.co,Female,143.128.181.245
983,Phyllida,Adelsberg,padelsbergra@bing.com,Female,21.214.220.49
984,Corby,Granleese,cgranleeserb@reddit.com,Male,70.42.246.68
985,Hanson,Weathers,hweathersrc@nih.gov,Male,117.21.138.70
986,Vale,Hasnip,vhasniprd@google.cn,Female,13.17.67.102
987,Maximo,Killgus,mkillgusre@nbcnews.com,Male,232.250.231.192
988,Dilan,Carding,dcardingrf@youtube.com,Male,105.11.21.222
989,Corie,Wardhough,cwardhoughrg@europa.eu,Female,164.255.44.36
990,Bent,Keetch,bkeetchrh@bloglines.com,Male,16.120.26.218
991,Sid,Louys,slouysri@timesonline.co.uk,Male,119.231.11.202
992,Theresita,Privost,tprivostrj@nyu.edu,Female,183.161.97.225
993,Nealson,Ogg,noggrk@exblog.jp,Male,220.62.67.100
994,Reube,Rehme,rrehmerl@jigsy.com,Male,118.154.35.215
995,Laureen,Tythe,ltytherm@ihg.com,Female,139.133.215.220
996,Jamima,Thumann,jthumannrn@t-online.de,Female,5.18.50.186
997,Marnie,Cannicott,mcannicottro@nydailynews.com,Female,64.253.67.26
998,Darb,Whapham,dwhaphamrp@cam.ac.uk,Female,8.248.245.90
999,Mahalia,Busswell,mbusswellrq@fc2.com,Female,187.177.18.37
1000,Augy,MacLardie,amaclardierr@fotki.com,Male,113.212.220.55
3,James,Camping,Male,Taiwan
3,James,Camping,Male,Taiwan
4,Amy,Cheng,Female,USA
4,Amy,Cheng,Female,USA
